{
  "accuracy": 0.8630431444802702,
  "f1_weighted": 0.8561350397820391,
  "roc_auc": 0.9140180377004189,
  "average_precision": 0.7983562026550863,
  "brier": 0.09710513498634929
}